Question,Human Answer,MyU
Â¡Hola!,Â¡Hola! ğŸ‘‹ Bienvenido al servicio al cliente de M&U Soluciones de ClimatizaciÃ³n ğŸŒ¬ï¸â„ï¸. Â¿En quÃ© puedo ayudarte hoy? ğŸ˜Š,Â¡Hola! ğŸ‘‹ Bienvenido al servicio al cliente de M&U Soluciones de ClimatizaciÃ³n ğŸŒ¬ï¸â„ï¸. Â¿En quÃ© puedo ayudarte hoy? ğŸ˜Š
"Hola, necesito solicitar una mantenciÃ³n para mis equipos de aire acondicionado.","Â¡Claro que sÃ­! ğŸ˜ƒ Para ayudarte, necesito que me indiques los siguientes datos: Nombre completo ğŸ“ DirecciÃ³n ğŸ  Comuna ğŸ“ Correo electrÃ³nico ğŸ“§ Marca de los equipos â„ï¸ (Ejemplo: Samsung, Midea, Otro) NÃºmero de equipos ğŸ”¢ Â¿QuiÃ©n instalÃ³ los equipos? âš™ï¸ (Opciones: M&U o Tercero) Tipo de equipo ğŸ”§ (Opciones: Split o Multi-Split)","Â¡Hola! ğŸ‘‹ Bienvenido al servicio al cliente de M&U Soluciones de ClimatizaciÃ³n ğŸŒ¬ï¸â„ï¸. Para ayudarte, necesito que me indiques los siguientes datos:

Nombre completo ğŸ“  
DirecciÃ³n ğŸ   
Comuna ğŸ“  
Correo electrÃ³nico ğŸ“§  
Marca de los equipos â„ï¸ (Ejemplo: Samsung, Midea, Otro)  
NÃºmero de equipos ğŸ”¢  
Â¿QuiÃ©n instalÃ³ los equipos? âš™ï¸ (Opciones: ""M&U"" o ""Tercero"")  
Tipo de equipo ğŸ”§ (Opciones: ""Split"" o ""Multi-Split"")"
"Mi nombre es Ana LÃ³pez, vivo en Calle Falsa 123, comuna de Providencia. Mi email es analopez@gmail.com. Tengo 2 equipos Samsung tipo Split instalados por M&U.","Â¡Gracias por la informaciÃ³n, Ana! ğŸ“ Â¿PodrÃ­as proporcionarme tambiÃ©n el nÃºmero de boleta o factura de los equipos? Esto me ayudarÃ¡ a confirmar si la mantenciÃ³n estÃ¡ cubierta por la garantÃ­a.","Â¡Gracias por la informaciÃ³n, Ana! ğŸ“ Ahora, solo necesito que me indiques el nÃºmero de equipos. Â¿CuÃ¡ntos equipos deseas incluir en la mantenciÃ³n?"
