Question;Human Answer;Machine Answer;Grading;Explanation;Type;Difference
Mi nombre es Ana LÃ³pez, vivo en Calle Falsa 123, comuna de Providencia. Mi email es analopez@gmail.com. Tengo 2 equipos Samsung tipo Split instalados por M&U.;Â¡Gracias por la informaciÃ³n, Ana! ğŸ“ Â¿PodrÃ­as proporcionarme tambiÃ©n el nÃºmero de boleta o factura de los equipos? Esto me ayudarÃ¡ a confirmar si la mantenciÃ³n estÃ¡ cubierta por la garantÃ­a.;Â¡Gracias por la informaciÃ³n, Ana! ğŸ“ Ahora, necesito que me indiques el nÃºmero de boleta o factura de los equipos para confirmar si la mantenciÃ³n estÃ¡ cubierta por la garantÃ­a.;5;La respuesta del asistente es tan buena como la humana, ya que ambas solicitan la misma informaciÃ³n adicional necesaria para proceder con la mantenciÃ³n. AdemÃ¡s, el asistente mantiene un tono amigable y profesional.;BEST;1
Mi nombre es Ana LÃ³pez, vivo en Calle Falsa 123, comuna de Providencia. Mi email es analopez@gmail.com. Tengo 2 equipos Samsung tipo Split instalados por M&U.;Â¡Gracias por la informaciÃ³n, Ana! ğŸ“ Â¿PodrÃ­as proporcionarme tambiÃ©n el nÃºmero de boleta o factura de los equipos? Esto me ayudarÃ¡ a confirmar si la mantenciÃ³n estÃ¡ cubierta por la garantÃ­a.;Â¡Gracias por la informaciÃ³n, Ana! ğŸ“ Ahora, solo necesito confirmar el nÃºmero de equipos para proceder con la mantenciÃ³n. Â¿PodrÃ­as indicarme el nÃºmero de boleta o factura de los equipos?;4;La respuesta del asistente es correcta y sigue el protocolo de solicitar informaciÃ³n adicional, pero no menciona que ya tiene el nÃºmero de equipos, lo que podrÃ­a causar confusiÃ³n. La respuesta humana es mÃ¡s clara al solicitar el nÃºmero de boleta o factura, lo que es relevante para la mantenciÃ³n.;WORST;1
Hola, necesito solicitar una mantenciÃ³n para mis equipos de aire acondicionado.;Â¡Claro que sÃ­! ğŸ˜ƒ Para ayudarte, necesito que me indiques los siguientes datos: Nombre completo ğŸ“ DirecciÃ³n ğŸ  Comuna ğŸ“ Correo electrÃ³nico ğŸ“§ Marca de los equipos â„ï¸ (Ejemplo: Samsung, Midea, Otro) NÃºmero de equipos ğŸ”¢ Â¿QuiÃ©n instalÃ³ los equipos? âš™ï¸ (Opciones: M&U o Tercero) Tipo de equipo ğŸ”§ (Opciones: Split o Multi-Split);"Â¡Hola! ğŸ‘‹ Bienvenido al servicio al cliente de M&U Soluciones de ClimatizaciÃ³n ğŸŒ¬ï¸â„ï¸. Para ayudarte, necesito que me indiques los siguientes datos:

- Nombre completo ğŸ“
- DirecciÃ³n ğŸ 
- Comuna ğŸ“
- Correo electrÃ³nico ğŸ“§
- Marca de los equipos â„ï¸ (Ejemplo: Samsung, Midea, Otro)
- NÃºmero de equipos ğŸ”¢
- Â¿QuiÃ©n instalÃ³ los equipos? âš™ï¸ (Opciones: ""M&U"" o ""Tercero"")
- Tipo de equipo ğŸ”§ (Opciones: ""Split"" o ""Multi-Split"")";5;La respuesta del asistente es tan buena como la humana. Proporciona la misma informaciÃ³n necesaria para solicitar la mantenciÃ³n de los equipos de aire acondicionado, manteniendo un tono amigable y claro. AdemÃ¡s, incluye todos los datos requeridos de manera organizada.;BEST;0
Hola, necesito solicitar una mantenciÃ³n para mis equipos de aire acondicionado.;Â¡Claro que sÃ­! ğŸ˜ƒ Para ayudarte, necesito que me indiques los siguientes datos: Nombre completo ğŸ“ DirecciÃ³n ğŸ  Comuna ğŸ“ Correo electrÃ³nico ğŸ“§ Marca de los equipos â„ï¸ (Ejemplo: Samsung, Midea, Otro) NÃºmero de equipos ğŸ”¢ Â¿QuiÃ©n instalÃ³ los equipos? âš™ï¸ (Opciones: M&U o Tercero) Tipo de equipo ğŸ”§ (Opciones: Split o Multi-Split);"Â¡Hola! ğŸ‘‹ Bienvenido al servicio al cliente de M&U Soluciones de ClimatizaciÃ³n ğŸŒ¬ï¸â„ï¸. Para ayudarte, necesito que me indiques los siguientes datos:

- Nombre completo ğŸ“
- DirecciÃ³n ğŸ 
- Comuna ğŸ“
- Correo electrÃ³nico ğŸ“§
- Marca de los equipos â„ï¸ (Ejemplo: Samsung, Midea, Otro)
- NÃºmero de equipos ğŸ”¢
- Â¿QuiÃ©n instalÃ³ los equipos? âš™ï¸ (Opciones: ""M&U"" o ""Tercero"")
- Tipo de equipo ğŸ”§ (Opciones: ""Split"" o ""Multi-Split"")";5;La respuesta del asistente es tan buena como la humana. Proporciona la misma informaciÃ³n necesaria para solicitar la mantenciÃ³n de los equipos de aire acondicionado, manteniendo un tono amigable y claro. AdemÃ¡s, incluye todos los datos requeridos de manera organizada.;WORST;0
Quiero un presupuesto para instalar aire acondicionado en mi casa.;Â¡Perfecto! ğŸ˜Š Para obtener un presupuesto, puedes agendar una visita gratuita de evaluaciÃ³n con nuestro equipo experto. Haz clic aquÃ­ ğŸ‘‰ https://www.myu.cl/catalogo/visita-experta-de-evaluacion/.;Â¡Hola! ğŸ‘‹ Bienvenido al servicio al cliente de M&U Soluciones de ClimatizaciÃ³n ğŸŒ¬ï¸â„ï¸. Para obtener un presupuesto, puedes agendar una visita gratuita de evaluaciÃ³n con nuestro equipo experto. Haz clic aquÃ­ ğŸ‘‰ https://www.myu.cl/catalogo/visita-experta-de-evaluacion/. Â¿Puedo ayudarte con algo mÃ¡s? ğŸ˜Š;5;La respuesta del asistente es tan buena como la humana. Proporciona la informaciÃ³n correcta sobre cÃ³mo obtener un presupuesto y el enlace es el mismo. AdemÃ¡s, mantiene un tono amigable y ofrece ayuda adicional, lo que mejora la experiencia del cliente.;BEST;0
Quiero un presupuesto para instalar aire acondicionado en mi casa.;Â¡Perfecto! ğŸ˜Š Para obtener un presupuesto, puedes agendar una visita gratuita de evaluaciÃ³n con nuestro equipo experto. Haz clic aquÃ­ ğŸ‘‰ https://www.myu.cl/catalogo/visita-experta-de-evaluacion/.;Â¡Hola! ğŸ‘‹ Bienvenido al servicio al cliente de M&U Soluciones de ClimatizaciÃ³n ğŸŒ¬ï¸â„ï¸. Para obtener un presupuesto, puedes agendar una visita gratuita de evaluaciÃ³n con nuestro equipo experto. Haz clic aquÃ­ ğŸ‘‰ https://www.myu.cl/catalogo/visita-experta-de-evaluacion/. Â¿Puedo ayudarte con algo mÃ¡s? ğŸ˜Š;5;La respuesta del asistente es tan buena como la humana. Proporciona la informaciÃ³n correcta sobre cÃ³mo obtener un presupuesto y el enlace es el mismo. AdemÃ¡s, mantiene un tono amigable y ofrece ayuda adicional, lo que mejora la experiencia del cliente.;WORST;0
